{"cameraMode":{"drawMode":0,"name":"Shaded","section":"Shading Mode"},"sceneLighting":true,"audioPlay":false,"sceneViewState":{"m_AlwaysRefresh":false,"showFog":true,"showSkybox":true,"showFlares":true,"showImageEffects":true,"showParticleSystems":true,"showVisualEffectGraphs":true,"m_FxEnabled":true},"in2DMode":false,"pivot":{"x":-1.4521539211273194,"y":-0.27728748321533205,"z":11.19296646118164},"rotation":{"x":0.25948160886764529,"y":-0.010140138678252697,"z":0.0027246579993516208,"w":0.9656916856765747},"size":14.638684272766114,"orthographic":false}